date,0700.HK,0005.HK,0388.HK,AAPL,MSFT,TLT,USDJPY=X,GC=F,^HSI,^GSPC
2023-06-26,327.094482421875,55.13300704956055,279.7925109863281,183.4334259033203,323.5686340332031,95.19376373291016,143.54100036621094,1923.699951171875,18794.130859375,4328.81982421875
2023-06-27,335.54705810546875,55.965553283691406,282.7949523925781,186.19573974609375,329.447265625,94.94527435302734,143.4600067138672,1914.0,19148.130859375,4378.41015625
2023-06-28,330.43621826171875,56.2893180847168,282.23199462890625,187.3739776611328,330.7076416015625,95.35021209716797,143.8820037841797,1912.300048828125,19172.05078125,4376.85986328125
2023-06-29,327.88079833984375,56.2893180847168,280.5431213378906,187.71060180664062,329.919921875,93.6292724609375,144.38900756835938,1909.199951171875,18934.359375,4396.43994140625
2023-06-30,325.9150695800781,56.428077697753906,276.9776916503906,192.04718017578125,335.3258056640625,94.7336196899414,144.77999877929688,1921.0999755859375,18916.4296875,4450.3798828125
2023-07-03,332.2053527832031,57.30687713623047,281.6690368652344,190.55213928222656,332.8148498535156,94.1965560913086,144.3979949951172,1921.699951171875,19306.58984375,4455.58984375
2023-07-04,333.3847961425781,57.58439254760742,284.8591613769531,190.55213928222656,332.8148498535156,94.1965560913086,144.58399963378906,1921.699951171875,19415.6796875,4455.58984375
2023-07-05,329.64990234375,57.02935791015625,279.0418701171875,189.43333435058594,332.972412109375,93.30146789550781,144.406005859375,1919.5999755859375,19110.380859375,4446.81982421875
2023-07-06,321.1973571777344,56.428077697753906,272.0986633300781,189.90858459472656,336.04461669921875,91.98189544677734,144.48899841308594,1908.699951171875,18533.05078125,4411.58984375
2023-07-07,321.00079345703125,56.10430908203125,264.7801513671875,188.78977966308594,332.05670166015625,91.42825317382812,143.9510040283203,1926.199951171875,18365.69921875,4398.9501953125
2023-07-10,323.1630554199219,56.3818244934082,265.3431091308594,186.74032592773438,326.74920654296875,91.54820251464844,142.20899963378906,1925.0,18479.720703125,4409.52978515625
2023-07-11,328.07733154296875,56.196815490722656,268.5332946777344,186.215576171875,327.3793640136719,92.01881408691406,141.2969970703125,1931.300048828125,18659.830078125,4439.259765625
2023-07-12,334.17108154296875,56.798099517822266,272.66162109375,187.88880920410156,332.0369567871094,93.04309844970703,140.1179962158203,1956.199951171875,18860.94921875,4472.16015625
2023-07-13,343.80303955078125,57.49188232421875,284.48382568359375,188.6511688232422,337.413330078125,94.02125549316406,138.31500244140625,1959.199951171875,19350.619140625,4510.0400390625
2023-07-14,346.5550537109375,58.09316635131836,282.7949523925781,188.79966735839844,339.9538269042969,93.46758270263672,138.0749969482422,1960.0999755859375,19413.779296875,4505.419921875
2023-07-18,330.6327819824219,58.231929779052734,276.9776916503906,191.80953979492188,353.98565673828125,93.93819427490234,138.72900390625,1977.199951171875,19015.720703125,4554.97998046875
2023-07-19,327.29107666015625,58.509437561035156,277.5406494140625,193.1659698486328,349.6431884765625,94.99938201904297,139.02699279785156,1977.5,18952.310546875,4565.72021484375
2023-07-20,327.094482421875,59.018218994140625,276.41473388671875,191.21551513671875,341.55889892578125,93.8459243774414,139.59800720214844,1968.300048828125,18928.01953125,4534.8701171875
2023-07-21,327.29107666015625,59.480743408203125,278.66656494140625,190.03732299804688,338.50634765625,93.87358856201172,139.86399841308594,1964.300048828125,19075.259765625,4536.33984375
2023-07-24,319.42822265625,58.925716400146484,272.2863464355469,190.83924865722656,339.82586669921875,93.53217315673828,141.75,1960.300048828125,18668.150390625,4554.64013671875
2023-07-25,339.0853576660156,59.66575241088867,287.11102294921875,191.70065307617188,345.60601806640625,93.35684204101562,141.52200317382812,1962.0999755859375,19434.400390625,4567.4599609375
2023-07-26,335.1539001464844,59.80451202392578,285.2344665527344,192.57191467285156,332.5982666015625,93.44910430908203,140.91299438476562,1968.9000244140625,19365.140625,4566.75
2023-07-27,337.9058837890625,60.08202362060547,288.987548828125,191.3046112060547,325.6561584472656,91.63125610351562,140.36700439453125,1945.4000244140625,19639.109375,4537.41015625
2023-07-28,344.39276123046875,59.943267822265625,304.18756103515625,193.8887176513672,333.1890563964844,92.10186767578125,138.86399841308594,1960.4000244140625,19916.560546875,4582.22998046875
2023-07-31,348.32415771484375,60.313289642333984,305.68878173828125,194.50259399414062,330.7765808105469,92.32334899902344,140.75799560546875,1970.5,20078.939453125,4588.9599609375
2023-08-01,347.9310607910156,61.33085250854492,304.18756103515625,193.67091369628906,331.19012451171875,90.81045532226562,142.322998046875,1940.699951171875,20011.119140625,4576.72998046875
2023-08-02,337.5127868652344,59.38823318481445,297.99493408203125,190.6709442138672,322.4854736328125,89.83887481689453,142.97000122070312,1937.4000244140625,19517.380859375,4513.39013671875
2023-08-03,336.3333435058594,58.18567657470703,298.9332275390625,189.27491760253906,321.6583557128906,87.76616668701172,143.343994140625,1932.0,19420.869140625,4501.89013671875
2023-08-04,337.5127868652344,59.06446838378906,299.3085632324219,180.18592834472656,322.7611999511719,89.32068634033203,142.59800720214844,1939.5999755859375,19539.4609375,4478.02978515625
2023-08-07,335.3504943847656,59.1569709777832,297.61968994140625,177.0770721435547,325.05548095703125,88.441650390625,141.87600708007812,1933.5,19537.919921875,4518.43994140625
2023-08-08,329.0601806640625,59.20322799682617,292.3653564453125,178.0176544189453,321.05767822265625,89.46874237060547,142.5240020751953,1924.0999755859375,19184.169921875,4499.3798828125
2023-08-09,331.4190979003906,59.06446838378906,292.92828369140625,176.423583984375,317.29620361328125,89.931396484375,143.2779998779297,1915.4000244140625,19246.029296875,4467.7099609375
2023-08-10,333.9744567871094,58.627296447753906,293.115966796875,176.20578002929688,317.9854431152344,88.45088195800781,143.7270050048828,1914.4000244140625,19248.259765625,4468.830078125
2023-08-11,330.0430603027344,58.627296447753906,290.8641052246094,176.26527404785156,316.0948181152344,88.2473373413086,144.85400390625,1912.9000244140625,19075.189453125,4464.0498046875
2023-08-14,327.4876403808594,58.39316177368164,285.7974548339844,177.9209442138672,319.0784912109375,88.05300903320312,144.81700134277344,1910.5999755859375,18773.55078125,4489.72021484375
2023-08-15,326.8979187011719,57.31614303588867,282.982666015625,175.92816162109375,316.9317932128906,87.5163345336914,145.43699645996094,1902.5,18581.109375,4437.85986328125
2023-08-16,323.1630554199219,56.14547348022461,281.1060791015625,175.0557403564453,316.16217041015625,86.83158111572266,145.60800170898438,1896.0999755859375,18329.30078125,4404.330078125
2023-08-17,327.094482421875,55.536720275878906,278.8542175292969,172.50778198242188,312.688720703125,86.46146392822266,146.33299255371094,1884.0999755859375,18326.630859375,4370.35986328125
2023-08-18,319.42822265625,54.92797088623047,274.3504943847656,172.99359130859375,312.2940368652344,86.7668228149414,145.71400451660156,1886.0999755859375,17950.849609375,4369.7099609375
2023-08-21,312.5482177734375,54.7874870300293,264.9678039550781,174.3319549560547,317.6225891113281,85.61019134521484,145.30499267578125,1893.300048828125,17623.2890625,4399.77001953125
2023-08-22,313.5310974121094,54.834312438964844,266.4690246582031,175.71006774902344,318.19488525390625,86.26716613769531,146.23800659179688,1896.4000244140625,17791.009765625,4387.5498046875
2023-08-23,312.5482177734375,54.6938362121582,263.2789306640625,179.56671142578125,322.6749267578125,88.40463256835938,145.76300048828125,1918.5,17845.919921875,4436.009765625
2023-08-24,319.62481689453125,55.11527633666992,272.2863464355469,174.86737060546875,315.73785400390625,87.82167053222656,144.67300415039062,1918.199951171875,18212.169921875,4376.31005859375
2023-08-25,314.5139465332031,54.6938362121582,269.8468017578125,177.07826232910156,318.70806884765625,88.1085205078125,146.06700134277344,1911.0999755859375,18119.390625,4405.7099609375
2023-08-28,319.62481689453125,55.02162551879883,278.8542175292969,178.64468383789062,319.41851806640625,88.20105743408203,146.531005859375,1917.9000244140625,18130.740234375,4433.31005859375
2023-08-29,323.7528076171875,54.7874870300293,292.85882568359375,182.54098510742188,324.06622314453125,89.11712646484375,146.46400451660156,1936.5,18484.029296875,4497.6298828125
2023-08-30,320.2144775390625,55.58354187011719,294.3831787109375,186.0406951904297,324.44122314453125,89.02458953857422,145.98800659179688,1944.300048828125,18482.859375,4514.8701171875
2023-08-31,319.42822265625,55.11527633666992,289.61968994140625,186.25881958007812,323.4248352050781,89.4224853515625,146.0989990234375,1938.199951171875,18382.060546875,4507.66015625
2023-09-04,327.6842041015625,55.02162551879883,298.57501220703125,186.25881958007812,323.4248352050781,89.4224853515625,146.0570068359375,1938.199951171875,18844.16015625,4507.66015625
2023-09-05,323.3596496582031,53.99143600463867,297.43182373046875,188.07310485839844,329.1382141113281,86.79505157470703,146.54299926757812,1926.199951171875,18456.91015625,4496.830078125
2023-09-06,321.983642578125,54.085086822509766,297.24127197265625,181.34136962890625,328.47711181640625,87.00849914550781,147.4709930419922,1918.0999755859375,18449.98046875,4465.47998046875
2023-09-07,316.0865173339844,53.66364288330078,292.6683349609375,176.03724670410156,325.54638671875,87.24980926513672,147.70899963378906,1917.5,18202.0703125,4451.14013671875
2023-09-11,318.44537353515625,53.99143600463867,285.99945068359375,177.82179260253906,333.4701843261719,86.95282745361328,147.11300659179688,1923.300048828125,18096.44921875,4487.4599609375
2023-09-12,316.4796447753906,54.272396087646484,288.2859191894531,174.7880401611328,327.3817443847656,87.45399475097656,146.67799377441406,1911.300048828125,18025.890625,4461.89990234375
2023-09-13,314.71051025390625,55.255760192871094,286.9521484375,172.71597290039062,331.61505126953125,87.43544006347656,147.1580047607422,1909.0999755859375,18009.220703125,4467.43994140625
2023-09-14,314.3173522949219,55.958160400390625,285.99945068359375,174.23287963867188,334.2200927734375,86.80432891845703,147.3459930419922,1910.0,18047.919921875,4505.10009765625
2023-09-15,311.761962890625,56.98835372924805,285.61834716796875,173.50909423828125,325.85223388671875,86.27530670166016,147.48199462890625,1923.699951171875,18182.890625,4450.31982421875
2023-09-18,306.8476867675781,56.89469909667969,278.3778991699219,176.4437255859375,324.70758056640625,86.76720428466797,147.8679962158203,1931.5,17930.55078125,4453.52978515625
2023-09-19,307.0442199707031,56.84787368774414,277.2346496582031,177.53428649902344,324.30303955078125,86.12682342529297,147.60499572753906,1932.0,17997.169921875,4443.9501953125
2023-09-20,303.89910888671875,57.22248840332031,273.04278564453125,173.9849853515625,316.5272521972656,86.3959732055664,147.74200439453125,1945.5999755859375,17885.599609375,4402.2001953125
2023-09-21,297.8053894042969,56.941524505615234,273.423828125,172.43836975097656,315.3036804199219,84.17782592773438,148.3209991455078,1919.199951171875,17655.41015625,4330.0
2023-09-22,308.2236633300781,57.503456115722656,281.9981384277344,173.2909698486328,312.8170471191406,84.85533142089844,147.6439971923828,1925.4000244140625,18057.44921875,4320.06005859375
2023-09-25,299.181396484375,57.175662994384766,278.75897216796875,174.56993103027344,313.3399963378906,82.76712799072266,148.4340057373047,1916.5999755859375,17729.2890625,4337.43994140625
2023-09-26,294.8568115234375,56.56691360473633,274.5671081542969,170.4852752685547,308.0114440917969,82.47943115234375,148.81100463867188,1900.4000244140625,17466.900390625,4273.52978515625
2023-09-27,296.822509765625,56.98835372924805,276.4725036621094,168.9683837890625,308.65283203125,82.05249786376953,149.0449981689453,1871.5999755859375,17611.869140625,4274.509765625
2023-09-28,292.3013916015625,56.75421905517578,270.1846923828125,169.2261505126953,309.4915466308594,82.30310821533203,149.4980010986328,1860.4000244140625,17373.029296875,4299.7001953125
2023-09-29,300.9505310058594,57.7844123840332,278.75897216796875,169.74171447753906,311.5736389160156,82.31239318847656,149.33700561523438,1848.0999755859375,17809.66015625,4288.0498046875
2023-10-03,295.446533203125,57.035179138183594,272.2806091308594,170.9215087890625,309.2449035644531,79.19342041015625,149.8509979248047,1824.5999755859375,17331.220703125,4229.4501953125
2023-10-04,292.4979553222656,56.98835372924805,271.8995666503906,172.17066955566406,314.74114990234375,80.3106689453125,149.19200134277344,1818.5,17195.83984375,4263.75
2023-10-05,294.66021728515625,57.082008361816406,272.090087890625,173.4099578857422,315.1358947753906,79.91031646728516,148.96600341796875,1816.5999755859375,17213.869140625,4258.18994140625
2023-10-06,299.9676818847656,58.11219787597656,274.94818115234375,175.96783447265625,322.93145751953125,78.94203186035156,148.46299743652344,1830.199951171875,17485.98046875,4308.5
2023-10-09,301.73681640625,58.065372467041016,275.1387023925781,177.45498657226562,325.45758056640625,80.7947998046875,149.16000366210938,1849.5,17517.400390625,4335.66015625
2023-10-10,302.9162292480469,58.252681732177734,275.7103271484375,176.86012268066406,324.0464782714844,80.68307495117188,148.32699584960938,1861.0,17664.73046875,4358.240234375
2023-10-11,305.668212890625,58.81460189819336,278.1873474121094,178.25804138183594,328.023193359375,82.36825561523438,148.6280059814453,1872.800048828125,17893.099609375,4376.9501953125
2023-10-12,311.1722412109375,59.18921661376953,283.9035339355469,179.16026306152344,326.7798767089844,80.13375854492188,149.03599548339844,1869.300048828125,18238.2109375,4349.60986328125
2023-10-13,301.54022216796875,58.53364181518555,278.56842041015625,177.31619262695312,323.3952331542969,81.56755828857422,149.7899932861328,1927.4000244140625,17813.44921875,4327.77978515625
2023-10-16,296.0362548828125,57.87806701660156,274.1860046386719,177.18728637695312,328.240234375,80.2547836303711,149.5659942626953,1921.0999755859375,17640.359375,4373.6298828125
2023-10-17,297.0191345214844,57.924888610839844,278.1873474121094,175.63075256347656,327.6679382324219,79.37033081054688,149.5780029296875,1922.699951171875,17773.33984375,4373.2001953125
2023-10-18,294.8568115234375,58.29951095581055,275.5198059082031,174.3319549560547,325.74371337890625,78.67205810546875,149.75900268554688,1955.300048828125,17732.51953125,4314.60009765625
2023-10-19,286.20770263671875,56.89469909667969,269.23199462890625,173.9552764892578,326.937744140625,77.06135559082031,149.74200439453125,1968.4000244140625,17295.890625,4278.0
2023-10-20,284.04541015625,56.00498962402344,271.7090148925781,171.3973846435547,322.3492126464844,77.49895477294922,149.802001953125,1982.5,17172.130859375,4224.16015625
2023-10-24,278.14825439453125,54.881141662597656,276.28192138671875,171.95257568359375,326.158203125,79.46342468261719,149.7689971923828,1975.0,16991.529296875,4247.68017578125
2023-10-25,282.865966796875,54.74066162109375,265.0401611328125,169.6326446533203,336.1640930175781,77.69446563720703,149.85400390625,1984.0999755859375,17085.330078125,4186.77001953125
2023-10-26,282.6694030761719,53.47633743286133,260.27667236328125,165.45875549316406,323.5531005859375,78.88619232177734,150.09800720214844,1987.199951171875,17044.609375,4137.22998046875
2023-10-27,287.7802429199219,54.36604690551758,264.8495788574219,166.77732849121094,325.44769287109375,78.55101013183594,150.36599731445312,1988.5999755859375,17398.73046875,4117.3701171875
2023-10-30,290.3356628417969,53.56999206542969,266.7550048828125,168.82957458496094,332.8485107421875,78.19721984863281,149.73300170898438,1996.199951171875,17406.359375,4166.81982421875
2023-10-31,284.2419738769531,52.58662414550781,261.9914855957031,169.30548095703125,333.6379089355469,77.81549835205078,149.11099243164062,1985.199951171875,17112.48046875,4193.7998046875
2023-11-01,282.0796813964844,53.28902816772461,260.8482360839844,172.47802734375,341.49267578125,79.50270080566406,151.29400634765625,1978.800048828125,17101.779296875,4237.85986328125
2023-11-02,283.6522521972656,53.38268280029297,262.5631103515625,176.0471649169922,343.7128601074219,81.31512451171875,150.5749969482422,1985.5999755859375,17230.58984375,4317.77978515625
2023-11-03,297.4122314453125,54.50653076171875,272.090087890625,175.13502502441406,348.13360595703125,81.86630249023438,150.4969940185547,1991.5,17664.119140625,4358.33984375
2023-11-06,307.2408142089844,54.834312438964844,280.8548583984375,177.69290161132812,351.81427001953125,81.07222747802734,149.44900512695312,1981.5999755859375,17966.58984375,4365.97998046875
2023-11-07,303.30938720703125,54.92797088623047,278.3778991699219,180.26071166992188,355.7613525390625,82.26801300048828,149.98899841308594,1966.800048828125,17670.16015625,4378.3798828125
2023-11-08,303.1128234863281,54.600181579589844,273.804931640625,181.321533203125,358.3960876464844,83.66935729980469,150.39599609375,1951.5,17568.4609375,4382.77978515625
2023-11-09,301.54022216796875,54.58146286010742,273.423828125,180.8456573486328,355.9193115234375,81.74486541748047,150.86399841308594,1964.199951171875,17511.2890625,4347.35009765625
2023-11-10,297.60882568359375,54.3916130065918,269.23199462890625,185.0448760986328,364.7804870605469,82.20262145996094,151.3489990234375,1932.5999755859375,17203.259765625,4415.240234375
2023-11-13,304.4888000488281,54.81877517700195,272.090087890625,183.45651245117188,361.8299865722656,82.01579284667969,151.468994140625,1945.5,17426.2109375,4411.5498046875
2023-11-14,302.5231018066406,55.3883171081543,271.8995666503906,186.07733154296875,365.3725280761719,83.87488555908203,151.64599609375,1961.800048828125,17396.859375,4495.7001953125
2023-11-15,317.0693664550781,56.85964584350586,281.0454406738281,186.6431884765625,365.5208740234375,82.69776153564453,150.48500061035156,1960.0999755859375,18079.0,4502.8798828125
2023-11-16,319.23162841796875,56.38502502441406,277.8062744140625,188.33082580566406,371.9479064941406,83.72541809082031,151.21499633789062,1983.9000244140625,17832.8203125,4508.240234375
2023-11-17,309.7962341308594,56.05278778076172,271.8995666503906,188.31097412109375,365.6988525390625,84.1177978515625,150.7050018310547,1981.5999755859375,17454.189453125,4514.02001953125
2023-11-20,321.00079345703125,57.14441680908203,278.3778991699219,190.05816650390625,373.20367431640625,84.6316146850586,149.94200134277344,1977.699951171875,17778.0703125,4547.3798828125
2023-11-21,319.23162841796875,56.907108306884766,276.4725036621094,189.25405883789062,368.8826904296875,84.59425354003906,148.36199951171875,1999.300048828125,17733.890625,4538.18994140625
2023-11-22,318.8385009765625,56.71725845336914,277.2346496582031,189.919189453125,373.60906982421875,84.8931884765625,148.15199279785156,1991.4000244140625,17734.599609375,4556.6201171875
2023-11-23,323.55621337890625,56.85964584350586,278.1873474121094,189.919189453125,373.60906982421875,84.8931884765625,149.4600067138672,1991.4000244140625,17910.83984375,4556.6201171875
2023-11-24,315.6933898925781,56.4324836730957,273.9954528808594,188.5889434814453,373.1937561035156,83.89356231689453,149.63499450683594,2002.199951171875,17559.419921875,4559.33984375
2023-11-27,317.26593017578125,56.81218338012695,273.423828125,188.41024780273438,374.36053466796875,85.294921875,149.5709991455078,2011.800048828125,17525.060546875,4550.43017578125
2023-11-28,314.1208190917969,56.62233352661133,270.7563171386719,189.0157928466797,378.4046325683594,85.46308898925781,148.45199584960938,2039.699951171875,17354.140625,4554.89013671875
2023-11-29,311.56536865234375,56.479949951171875,266.3739318847656,187.99330139160156,374.5977783203125,86.53742980957031,147.06300354003906,2047.0999755859375,16993.439453125,4550.580078125
2023-11-30,321.3939208984375,56.19517517089844,264.0874328613281,188.56907653808594,374.65716552734375,85.53781127929688,147.03900146484375,2038.0999755859375,17042.880859375,4567.7998046875
2023-12-01,313.5310974121094,56.19517517089844,266.5644226074219,189.84971618652344,370.30657958984375,87.1488265991211,147.99899291992188,2071.0,16830.30078125,4594.6298828125
2023-12-04,311.3688049316406,56.669795989990234,255.7036895751953,188.0528564453125,364.9968566894531,86.80207824707031,146.39300537109375,2024.0999755859375,16646.05078125,4569.77978515625
2023-12-05,303.5059509277344,56.19517517089844,241.6038055419922,192.0138702392578,368.3388977050781,88.66706848144531,147.32699584960938,2018.5,16327.8603515625,4567.18017578125
2023-12-06,306.2579650878906,56.527408599853516,244.6524200439453,190.92184448242188,364.66064453125,89.84793090820312,147.18499755859375,2030.5,16463.259765625,4549.33984375
2023-12-07,302.5231018066406,56.81218338012695,238.93626403808594,192.85768127441406,366.7864990234375,89.33248138427734,147.1840057373047,2029.9000244140625,16345.8896484375,4585.58984375
2023-12-08,300.36083984375,56.954566955566406,236.64976501464844,194.28721618652344,370.0296936035156,88.60147857666016,144.2779998779297,1998.300048828125,16334.3701171875,4604.3701171875
2023-12-11,301.93341064453125,57.239341735839844,233.60113525390625,191.77561950683594,367.1325378417969,88.41404724121094,144.98300170898438,1978.0,16201.490234375,4622.43994140625
2023-12-12,306.0613708496094,57.57157516479492,237.79302978515625,193.29449462890625,370.1780090332031,88.67646026611328,146.0850067138672,1977.800048828125,16374.5,4643.7001953125
2023-12-13,301.73681640625,57.47665023803711,235.5065460205078,196.52085876464844,370.1681213378906,90.75699615478516,145.27999877929688,1982.300048828125,16228.75,4707.08984375
2023-12-14,301.1470947265625,57.903812408447266,237.03085327148438,196.66976928710938,361.8228454589844,93.11785125732422,142.7729949951172,2030.199951171875,16402.189453125,4719.5498046875
2023-12-15,309.00994873046875,58.236045837402344,247.510498046875,196.13368225097656,366.5690002441406,93.22127532958984,142.2790069580078,2021.0999755859375,16792.189453125,4719.18994140625
2023-12-18,306.2579650878906,57.286800384521484,246.55780029296875,194.46591186523438,368.4674072265625,92.47850036621094,142.31300354003906,2026.300048828125,16629.23046875,4740.56005859375
2023-12-19,306.4544982910156,57.239341735839844,244.46188354492188,195.50827026367188,369.0705871582031,92.9768295288086,142.7220001220703,2038.4000244140625,16505.0,4768.3701171875
2023-12-20,308.8133850097656,58.093658447265625,245.0335235595703,193.4136199951172,366.4601745605469,93.60677337646484,143.88900756835938,2034.5,16613.810546875,4698.35009765625
2023-12-21,307.2408142089844,58.14112091064453,245.2240447998047,193.26466369628906,369.347412109375,93.0144271850586,143.5229949951172,2039.0999755859375,16621.130859375,4746.75
2023-12-22,269.30255126953125,58.663204193115234,243.3186492919922,192.19256591796875,370.375732421875,92.59134674072266,142.07000732421875,2057.10009765625,16340.41015625,4754.6298828125
2023-12-27,280.1139831542969,59.37513732910156,245.795654296875,191.74581909179688,369.8714904785156,94.49995422363281,142.46099853515625,2081.89990234375,16624.83984375,4781.580078125
2023-12-28,287.976806640625,59.94468688964844,254.94154357910156,192.17269897460938,371.0679016113281,93.81361389160156,141.3990020751953,2073.89990234375,17043.529296875,4783.35009765625
2023-12-29,288.5665283203125,59.80229568481445,255.3226318359375,191.1303253173828,371.8193664550781,92.96742248535156,141.42999267578125,2062.39990234375,17047.390625,4769.830078125
2024-01-02,291.51513671875,59.75483703613281,249.98751831054688,184.29043579101562,366.7073974609375,92.4314956665039,141.12600708007812,2064.39990234375,16788.55078125,4742.830078125
2024-01-03,295.446533203125,59.51752471923828,246.74835205078125,182.9105224609375,366.4404296875,92.8169937133789,142.15499877929688,2034.199951171875,16646.41015625,4704.81005859375
2024-01-04,293.6773986816406,59.042903900146484,245.60511779785156,180.5875244140625,363.8102722167969,91.40669250488281,142.99899291992188,2042.300048828125,16645.98046875,4688.68017578125
2024-01-05,287.1905517578125,59.18528747558594,243.69973754882812,179.8628387451172,363.6224060058594,90.53229522705078,144.76499938964844,2042.4000244140625,16535.330078125,4697.240234375
2024-01-08,283.0625305175781,59.470062255859375,236.0781707763672,184.21099853515625,370.4845275878906,91.42548370361328,144.71600341796875,2026.5999755859375,16224.4501953125,4763.5400390625
2024-01-09,278.73797607421875,60.22945785522461,233.60113525390625,183.79405212402344,371.5721740722656,90.84255981445312,144.22999572753906,2026.4000244140625,16190.01953125,4756.5
2024-01-10,275.3962707519531,59.707374572753906,233.79168701171875,184.83641052246094,378.4738464355469,90.41947174072266,144.42799377441406,2021.699951171875,16097.2802734375,4783.4501953125
2024-01-11,282.4728088378906,59.80229568481445,238.17408752441406,184.2407684326172,380.31298828125,90.92717742919922,145.73399353027344,2014.300048828125,16302.0400390625,4780.240234375
2024-01-12,283.4556884765625,58.37843322753906,239.1267852783203,184.568359375,384.1098937988281,90.74852752685547,145.04600524902344,2046.699951171875,16244.580078125,4783.830078125
2024-01-15,284.43853759765625,57.85634994506836,238.74571228027344,184.568359375,384.1098937988281,90.74852752685547,145.1490020751953,2046.699951171875,16216.330078125,4783.830078125
2024-01-16,277.55853271484375,56.10024642944336,229.98089599609375,182.29502868652344,385.8896484375,89.15018463134766,145.79400634765625,2026.0,15865.919921875,4765.97998046875
2024-01-17,269.89227294921875,55.00862121582031,221.59718322753906,181.3519287109375,385.0986022949219,89.00914764404297,147.24600219726562,2002.5999755859375,15276.900390625,4739.2099609375
2024-01-18,272.8408203125,55.578163146972656,221.0255584716797,187.25868225097656,389.4492492675781,88.18177795410156,148.1179962158203,2018.5999755859375,15391.7900390625,4780.93994140625
2024-01-19,266.5505676269531,55.673091888427734,218.7390899658203,190.16738891601562,394.1954040527344,88.4638442993164,148.1280059814453,2026.5,15308.6904296875,4839.81005859375
2024-01-22,257.7048645019531,55.530704498291016,211.11752319335938,192.48043823242188,392.0596008300781,88.99036407470703,148.12100219726562,2019.800048828125,14961.1796875,4850.43017578125
2024-01-23,267.3368225097656,56.19517517089844,222.3593292236328,193.7610626220703,394.4227600097656,88.28520202636719,148.14199829101562,2023.699951171875,15353.98046875,4864.60009765625
2024-01-24,276.96881103515625,56.907108306884766,227.8849639892578,193.08599853515625,398.0417175292969,87.76810455322266,148.25100708007812,2013.9000244140625,15899.8701171875,4868.5498046875
2024-01-25,285.81451416015625,57.33427047729492,233.4105987548828,192.75839233398438,400.3258056640625,88.34160614013672,147.59100341796875,2016.9000244140625,16211.9599609375,4894.16015625
2024-01-26,277.9516906738281,57.619041442871094,232.45791625976562,191.02110290527344,399.3963317871094,88.17236328125,147.72300720214844,2016.800048828125,15952.23046875,4890.97021484375
2024-01-29,277.1654052734375,58.236045837402344,234.36331176757812,190.33616638183594,405.1213684082031,89.18780517578125,148.13999938964844,2025.199951171875,16077.240234375,4927.93017578125
2024-01-30,269.1059875488281,58.236045837402344,228.64712524414062,186.67295837402344,404.0039978027344,89.99638366699219,147.46800231933594,2031.5,15703.4501953125,4924.97021484375
2024-01-31,265.9608459472656,58.14112091064453,225.40797424316406,183.05941772460938,393.11761474609375,90.88017272949219,147.36900329589844,2048.39990234375,15485.0703125,4845.64990234375
2024-02-01,266.9437255859375,57.80888748168945,225.59849548339844,185.5015411376953,399.24798583984375,92.66288757324219,146.99600219726562,2053.0,15566.2099609375,4906.18994140625
2024-02-02,274.6099853515625,58.236045837402344,222.3593292236328,184.49888610839844,406.6045227050781,90.61607360839844,146.4510040283203,2036.0999755859375,15533.5595703125,4958.60986328125
2024-02-05,274.8065490722656,57.95127487182617,219.69178771972656,186.31558227539062,401.09698486328125,88.78620147705078,148.50100708007812,2025.699951171875,15510.009765625,4942.81005859375
2024-02-06,285.81451416015625,58.56828308105469,232.07684326171875,187.923828125,400.9388122558594,89.65398406982422,148.63999938964844,2034.5,16136.8701171875,4954.22998046875
2024-02-07,287.1905517578125,58.99544143676758,232.07684326171875,188.03302001953125,409.4027404785156,89.22008514404297,147.8179931640625,2035.199951171875,16081.8896484375,4995.06005859375
2024-02-08,282.2762756347656,58.52082061767578,230.55250549316406,186.95095825195312,409.46209716796875,88.7013168334961,148.08599853515625,2032.199951171875,15878.0703125,4997.91015625
2024-02-09,282.2762756347656,58.236045837402344,230.74305725097656,187.71632385253906,415.82977294921875,88.5220947265625,149.25900268554688,2023.300048828125,15746.580078125,5026.60986328125
2024-02-14,285.02825927734375,57.71396255493164,232.07684326171875,183.04452514648438,405.6426696777344,87.55056762695312,150.7239990234375,1990.300048828125,15879.3798828125,5000.6201171875
2024-02-15,280.50714111328125,58.236045837402344,235.3159942626953,182.7562713623047,402.7402038574219,88.00331115722656,150.54400634765625,2002.0999755859375,15944.6298828125,5029.72998046875
2024-02-16,286.7973937988281,58.80559539794922,239.88894653320312,181.21556091308594,400.263671875,87.49397277832031,149.9459991455078,2011.5,16339.9599609375,5005.56982421875
2024-02-19,279.9173889160156,59.232749938964844,234.55384826660156,181.21556091308594,400.263671875,87.49397277832031,150.09100341796875,2011.5,16155.6103515625,5005.56982421875
2024-02-20,279.32769775390625,59.470062255859375,233.2200927734375,180.4700469970703,399.0056457519531,87.5694351196289,150.27000427246094,2027.5,16247.509765625,4975.509765625
2024-02-21,283.84881591796875,57.19187927246094,238.17408752441406,181.22552490234375,398.4013366699219,86.94691467285156,149.93899536132812,2022.300048828125,16503.099609375,4981.7998046875
2024-02-22,286.40423583984375,56.57487106323242,241.98487854003906,183.26319885253906,407.78240966796875,87.3713607788086,150.35499572753906,2019.699951171875,16742.94921875,5087.02978515625
2024-02-23,285.81451416015625,56.242637634277344,241.22271728515625,181.42430114746094,406.48468017578125,88.54096984863281,150.48300170898438,2038.5999755859375,16725.859375,5088.7998046875
2024-02-26,282.2762756347656,56.669795989990234,239.69839477539062,180.07247924804688,403.71099853515625,88.2768325805664,150.4980010986328,2028.5,16634.740234375,5069.52978515625
2024-02-27,279.7208251953125,56.62233352661133,238.55516052246094,181.5336456298828,403.6515808105469,87.65433502197266,150.5659942626953,2034.0,16790.80078125,5078.18017578125
2024-02-28,272.2511291503906,56.71725845336914,233.2200927734375,180.33091735839844,403.88934326171875,88.21083068847656,150.4949951171875,2033.0,16536.849609375,5069.759765625
2024-02-29,272.4477233886719,57.19187927246094,231.31468200683594,179.66493225097656,409.753662109375,88.83336639404297,150.656005859375,2045.699951171875,16511.439453125,5096.27001953125
2024-03-01,272.6442565917969,58.093658447265625,228.64712524414062,178.58148193359375,411.5962219238281,89.38690185546875,150.09500122070312,2086.89990234375,16589.439453125,5137.080078125
2024-03-04,271.46484375,57.57157516479492,228.64712524414062,174.04885864257812,411.02166748046875,89.0273208618164,150.10499572753906,2117.699951171875,16595.970703125,5130.9501953125
2024-03-05,263.6020202636719,57.00202941894531,222.74041748046875,169.09873962402344,398.866943359375,90.29523468017578,150.46600341796875,2133.5,16162.6396484375,5078.64990234375
2024-03-06,269.89227294921875,57.42919158935547,227.3133544921875,168.104736328125,398.3122253417969,90.82510375976562,150.0489959716797,2150.300048828125,16438.08984375,5104.759765625
2024-03-07,266.35400390625,57.85081481933594,223.12147521972656,167.9854736328125,405.2959899902344,90.73995208740234,149.2689971923828,2158.0,16229.7802734375,5157.35986328125
2024-03-08,265.37115478515625,58.147483825683594,223.12147521972656,169.705078125,402.4034118652344,90.5791015625,147.8679962158203,2178.60009765625,16353.3896484375,5123.68994140625
2024-03-11,273.8236999511719,57.702476501464844,229.59982299804688,171.7129669189453,400.7193603515625,90.53178405761719,146.7740020751953,2182.5,16587.5703125,5117.93994140625
2024-03-12,285.81451416015625,58.09804153442383,237.98353576660156,172.19007873535156,411.3782958984375,89.77481842041016,146.73199462890625,2160.39990234375,17093.5,5175.27001953125
2024-03-13,285.61798095703125,58.641937255859375,242.5421142578125,170.10269165039062,411.1999816894531,89.33956909179688,147.61900329589844,2175.39990234375,17082.109375,5165.31005859375
2024-03-14,284.2419738769531,58.394710540771484,240.0257110595703,171.96144104003906,421.2248840332031,87.96759033203125,147.62100219726562,2163.0,16961.66015625,5150.47998046875
2024-03-15,278.9345397949219,57.9002571105957,236.5414581298828,171.58372497558594,412.507568359375,87.939208984375,148.29600524902344,2157.300048828125,16720.890625,5117.08984375
2024-03-18,284.8316650390625,58.93860626220703,234.60577392578125,172.67715454101562,413.39910888671875,87.67427825927734,148.9550018310547,2160.699951171875,16737.119140625,5149.419921875
2024-03-19,280.1139831542969,58.839717864990234,229.9601287841797,175.02297973632812,417.45068359375,87.92028045654297,149.1439971923828,2156.300048828125,16529.48046875,5178.509765625
2024-03-20,283.84881591796875,58.93860626220703,232.47650146484375,177.597412109375,421.23480224609375,87.89191436767578,151.03500366210938,2157.89990234375,16543.0703125,5224.6201171875
2024-03-21,286.20770263671875,60.22418212890625,234.2186279296875,170.34124755859375,425.33587646484375,88.08113861083984,150.75999450683594,2182.39990234375,16863.099609375,5241.52978515625
2024-03-22,283.84881591796875,60.27362823486328,230.54083251953125,171.24578857421875,424.7117919921875,88.92325592041016,151.63299560546875,2158.10009765625,16499.470703125,5234.18017578125
2024-03-25,283.6522521972656,60.520851135253906,224.15306091308594,169.82437133789062,418.8870544433594,88.47854614257812,151.30499267578125,2174.800048828125,16473.640625,5218.18994140625
2024-03-26,294.2671203613281,61.06474685668945,225.50802612304688,168.69122314453125,417.68841552734375,88.72454071044922,151.3730010986328,2175.60009765625,16618.3203125,5203.580078125
2024-03-27,296.822509765625,60.421958923339844,221.4430694580078,172.2696075439453,417.4704895019531,89.60450744628906,151.52999877929688,2190.60009765625,16392.83984375,5248.490234375
2024-03-28,298.5916748046875,60.47140884399414,220.47523498535156,170.4505615234375,416.76715087890625,89.52880859375,151.28700256347656,2217.39990234375,16541.419921875,5254.35009765625
2024-04-02,303.89910888671875,61.21308517456055,226.4758758544922,167.82643127441406,417.48040771484375,87.37574768066406,151.58099365234375,2261.0,16931.51953125,5205.81005859375
2024-04-03,303.1128234863281,60.71863555908203,221.05593872070312,168.63156127929688,416.4997253417969,87.35675811767578,151.5399932861328,2294.39990234375,16725.099609375,5211.490234375
2024-04-05,304.6853942871094,62.05364990234375,219.1202392578125,168.56198120117188,421.5220642089844,86.7586898803711,151.29200744628906,2325.699951171875,16723.919921875,5204.33984375
2024-04-08,300.1642150878906,62.4986572265625,220.86236572265625,167.4387664794922,420.600830078125,86.74919128417969,151.69000244140625,2331.699951171875,16732.849609375,5202.39013671875
2024-04-09,299.7711181640625,63.19089126586914,223.76589965820312,168.6514434814453,422.2749328613281,87.5561294555664,151.84300231933594,2343.5,16828.0703125,5209.91015625
2024-04-10,308.8133850097656,64.08090209960938,227.0565948486328,166.77279663085938,419.2833251953125,85.64799499511719,151.77699279785156,2329.60009765625,17139.169921875,5160.64013671875
2024-04-11,309.59967041015625,64.1303482055664,226.4758758544922,173.9892120361328,423.909423828125,85.25875091552734,152.96400451660156,2354.800048828125,17095.029296875,5199.06005859375
2024-04-12,304.292236328125,63.09199905395508,220.86236572265625,175.4901580810547,417.93609619140625,85.71443176269531,153.19200134277344,2356.199951171875,16721.689453125,5123.41015625
2024-04-15,299.181396484375,63.141441345214844,217.18453979492188,171.6533203125,409.753662109375,84.3853759765625,153.2830047607422,2365.800048828125,16600.4609375,5061.81982421875
2024-04-16,296.6259460449219,61.70753479003906,210.60321044921875,168.36318969726562,410.6848449707031,83.8252944946289,154.20599365234375,2390.800048828125,16248.9697265625,5051.41015625
2024-04-17,295.6430969238281,61.46031188964844,208.66751098632812,166.99147033691406,407.9705810546875,84.75559997558594,154.697998046875,2371.699951171875,16251.83984375,5022.2099609375
2024-04-18,299.181396484375,61.95476150512695,211.57106018066406,166.03721618652344,400.47174072265625,84.32843017578125,154.3419952392578,2382.300048828125,16385.869140625,5011.1201171875
2024-04-19,298.5916748046875,61.16363525390625,207.69967651367188,164.0094757080078,395.3701171875,84.63220977783203,154.61000061035156,2398.39990234375,16224.1396484375,4967.22998046875
2024-04-22,314.9070739746094,62.69643783569336,212.92604064941406,164.84445190429688,397.19281005859375,84.48979949951172,154.63999938964844,2332.199951171875,16511.689453125,5010.60009765625
2024-04-23,326.70135498046875,63.53700637817383,223.37876892089844,165.8980712890625,403.7407531738281,84.51829528808594,154.81300354003906,2327.699951171875,16828.9296875,5070.5498046875
2024-04-24,338.299072265625,63.98200988769531,231.31509399414062,168.00537109375,405.2167053222656,83.92019653320312,154.74400329589844,2324.5,17201.26953125,5071.6298828125
2024-04-25,333.5813293457031,64.03145599365234,238.86428833007812,168.87013244628906,395.2908935546875,83.33162689208984,155.25900268554688,2329.800048828125,17284.5390625,5048.419921875
2024-04-26,342.42706298828125,64.22923278808594,242.15496826171875,168.28366088867188,402.5024719238281,83.76831817626953,155.5970001220703,2334.800048828125,17651.150390625,5099.9599609375
2024-04-29,341.6407775878906,64.82257843017578,246.80062866210938,172.4584503173828,398.4706726074219,84.47083282470703,158.2239990234375,2345.39990234375,17746.91015625,5116.169921875
2024-04-30,341.24761962890625,66.25648498535156,243.50994873046875,169.30747985839844,385.6720886230469,83.74933624267578,156.31399536132812,2291.39990234375,17763.029296875,5035.68994140625
2024-05-02,354.2213134765625,68.48152160644531,256.2854919433594,171.9912872314453,394.1021423339844,84.72866821289062,155.70399475097656,2299.199951171875,18207.130859375,5064.2001953125
2024-05-03,358.1527404785156,68.58040618896484,260.1568908691406,182.27915954589844,402.8392639160156,85.58602905273438,153.0449981689453,2299.0,18475.919921875,5127.7900390625
2024-05-06,363.85333251953125,68.43206787109375,260.73760986328125,180.61917114257812,409.6546325683594,85.91947937011719,153.5659942626953,2321.60009765625,18578.30078125,5180.740234375
2024-05-07,359.52874755859375,68.92652130126953,257.4469299316406,181.30502319335938,405.4941101074219,86.44342041015625,154.23699951171875,2315.199951171875,18479.369140625,5187.7001953125
2024-05-08,355.20416259765625,69.5693130493164,249.70416259765625,181.6429901123047,406.68280029296875,85.91947937011719,154.7480010986328,2313.60009765625,18313.859375,5187.669921875
2024-05-09,363.46014404296875,67.69999694824219,257.059814453125,183.4620361328125,408.44610595703125,86.33863067626953,155.41900634765625,2332.10009765625,18537.810546875,5214.080078125
2024-05-10,364.63958740234375,68.0,276.6102600097656,182.19793701171875,410.8433532714844,85.85277557373047,155.38900756835938,2367.300048828125,18963.6796875,5222.68017578125
2024-05-13,371.7161560058594,68.0999984741211,274.0939025878906,185.41287231445312,409.83294677734375,86.07188415527344,155.8179931640625,2336.10009765625,19115.060546875,5221.419921875
2024-05-14,375.25445556640625,68.94999694824219,275.2552795410156,186.55751037597656,412.6462707519531,86.55775451660156,156.23300170898438,2353.39990234375,19073.7109375,5246.68017578125
2024-05-16,390.19384765625,70.0999984741211,282.6109313964844,188.95631408691406,417.7868347167969,87.6532974243164,154.28199768066406,2380.0,19376.529296875,5297.10009765625
2024-05-17,391.58172607421875,68.55000305175781,285.51446533203125,188.9861602783203,417.01275634765625,87.0626449584961,155.37899780273438,2412.199951171875,19553.609375,5303.27001953125
2024-05-20,391.58172607421875,68.8499984741211,286.2887268066406,190.15072631835938,422.103759765625,86.80543518066406,155.75399780273438,2433.89990234375,19636.220703125,5308.1298828125
2024-05-21,380.2803955078125,68.5999984741211,276.0295715332031,191.4546356201172,425.77557373046875,87.253173828125,156.3699951171875,2421.699951171875,19220.619140625,5321.41015625
2024-05-22,381.0734558105469,69.5,274.674560546875,190.01136779785156,427.2443542480469,87.35796356201172,156.25100708007812,2389.199951171875,19195.599609375,5307.009765625
2024-05-23,378.4959716796875,69.0,268.86749267578125,186.01010131835938,423.7511291503906,86.7958984375,156.70399475097656,2335.0,18868.7109375,5267.83984375
2024-05-24,373.7375183105469,68.5,265.189697265625,189.0956573486328,426.8870544433594,87.05311584472656,156.97300720214844,2332.5,18608.939453125,5304.72021484375
2024-05-27,374.134033203125,68.9000015258789,270.0289306640625,189.0956573486328,426.8870544433594,87.05311584472656,156.8699951171875,2332.5,18827.349609375,5304.72021484375
2024-05-28,376.9098205566406,68.9000015258789,267.5125427246094,189.10560607910156,427.0458984375,85.80516052246094,156.84500122070312,2355.199951171875,18821.16015625,5306.0400390625
2024-05-29,367.7894287109375,68.5,262.479736328125,189.4042205810547,425.9046325683594,84.76676940917969,157.26199340820312,2340.300048828125,18477.009765625,5266.9501953125
2024-05-30,364.8153991699219,68.1500015258789,254.93052673339844,190.39956665039062,411.51495361328125,85.58602905273438,157.60800170898438,2342.89990234375,18230.189453125,5235.47998046875
2024-05-31,356.68634033203125,68.6500015258789,254.34982299804688,191.35508728027344,411.9714660644531,86.16716003417969,156.9530029296875,2322.89990234375,18079.609375,5277.509765625
2024-06-03,371.75482177734375,69.1500015258789,258.9954833984375,193.12680053710938,410.3736572265625,87.56085968017578,157.17999267578125,2346.60009765625,18403.0390625,5283.39990234375
2024-06-04,374.134033203125,68.5,262.2861633300781,193.4453125,412.904296875,88.58367919921875,156.0760040283203,2325.5,18444.109375,5291.33984375
2024-06-05,377.5046081542969,68.0999984741211,265.189697265625,194.95823669433594,420.7839050292969,89.23371124267578,155.12399291992188,2354.10009765625,18424.9609375,5354.02978515625
2024-06-06,378.2976989746094,68.5,264.22186279296875,193.57472229003906,421.28997802734375,89.09986877441406,155.9290008544922,2370.300048828125,18476.80078125,5352.9599609375
2024-06-07,371.5565490722656,68.75,262.0925598144531,195.97348022460938,420.6250915527344,87.46528625488281,155.69700622558594,2305.199951171875,18366.94921875,5346.990234375
2024-06-11,370.565185546875,68.5,257.6405334472656,206.18572998046875,429.38787841796875,87.78071594238281,157.0399932861328,2307.5,18176.33984375,5375.31982421875
2024-06-12,367.5911560058594,68.1500015258789,254.15628051757812,212.0782012939453,437.70416259765625,88.44029998779297,157.10499572753906,2336.0,17937.83984375,5421.02978515625
2024-06-13,376.5132751464844,67.9000015258789,255.51124572753906,213.2427520751953,438.2201843261719,89.74034118652344,156.8000030517578,2300.199951171875,18112.630859375,5433.740234375
2024-06-14,376.5132751464844,67.1500015258789,249.31703186035156,211.50086975097656,439.2026672363281,90.49549102783203,157.1280059814453,2331.39990234375,17941.779296875,5431.60009765625
2024-06-17,377.90118408203125,67.5999984741211,251.05914306640625,215.6614227294922,444.9585266113281,89.5969467163086,157.54600524902344,2312.39990234375,17936.119140625,5473.22998046875
2024-06-18,373.7375183105469,67.94999694824219,249.89773559570312,213.29248046875,442.9439697265625,90.41902923583984,157.6999969482422,2330.39990234375,17915.55078125,5487.02978515625
2024-06-19,385.6336669921875,68.55000305175781,256.8662109375,213.29248046875,442.9439697265625,90.41902923583984,157.87100219726562,2330.39990234375,18430.390625,5487.02978515625
2024-06-20,384.24578857421875,68.5,254.7369842529297,208.70394897460938,442.308837890625,89.81678771972656,157.95799255371094,2353.800048828125,18335.3203125,5473.169921875
2024-06-21,378.09942626953125,68.1500015258789,249.1234588623047,206.524169921875,446.3577880859375,89.81678771972656,158.93099975585938,2316.39990234375,18028.51953125,5464.6201171875
2024-06-24,377.10809326171875,67.8499984741211,249.51058959960938,207.17112731933594,444.2638854980469,90.18004608154297,159.86099243164062,2330.0,18027.7109375,5447.8701171875
2024-06-25,378.6942443847656,68.4000015258789,247.18775939941406,208.09678649902344,447.5188903808594,90.33299255371094,159.68600463867188,2316.60009765625,18072.900390625,5469.2998046875
2024-06-26,378.6942443847656,68.30000305175781,247.7684783935547,212.25733947753906,448.71966552734375,89.04252624511719,159.68600463867188,2299.199951171875,18089.9296875,5477.89990234375
2024-06-27,371.1600036621094,68.30000305175781,243.50994873046875,213.10340881347656,449.4044494628906,89.39620208740234,160.62100219726562,2324.5,17716.470703125,5482.8701171875
2024-06-28,369.17730712890625,68.30000305175781,242.15496826171875,209.6395721435547,443.5493469238281,87.73292541503906,160.68699645996094,2327.699951171875,17718.609375,5460.47998046875
2024-07-02,366.0050354003906,68.25,240.79998779296875,219.24465942382812,455.7855224609375,86.8900146484375,161.51199340820312,2323.0,17769.140625,5509.009765625
2024-07-03,376.1167297363281,68.1500015258789,243.50994873046875,220.51870727539062,457.26416015625,88.03115844726562,161.50399780273438,2359.800048828125,17978.5703125,5537.02001953125
2024-07-04,379.09075927734375,68.8499984741211,241.3806915283203,220.51870727539062,457.26416015625,88.03115844726562,161.62100219726562,2359.800048828125,18028.279296875,5537.02001953125
2024-07-05,376.5132751464844,67.80000305175781,236.92861938476562,225.28639221191406,464.00250244140625,88.75994873046875,161.35800170898438,2388.5,17799.609375,5567.18994140625
2024-07-08,375.32366943359375,67.0999984741211,232.08938598632812,226.75953674316406,462.69256591796875,88.95172882080078,160.63800048828125,2355.199951171875,17524.060546875,5572.85009765625
2024-07-09,377.702880859375,66.75,232.28294372558594,227.61550903320312,456.0435485839844,88.55858612060547,160.85699462890625,2360.10009765625,17523.23046875,5576.97998046875
2024-07-10,374.33233642578125,66.5,233.63792419433594,231.8955078125,462.70245361328125,88.83668518066406,161.33099365234375,2372.199951171875,17471.669921875,5633.91015625
2024-07-11,381.4700012207031,67.25,240.21926879882812,226.5106964111328,451.2403869628906,89.6997299194336,161.60699462890625,2415.0,17832.330078125,5584.5400390625
2024-07-12,393.5644226074219,67.9000015258789,246.02635192871094,229.46685791015625,450.0990905761719,90.08332061767578,158.2010040283203,2414.0,18293.380859375,5615.35009765625
2024-07-15,386.82330322265625,67.5,239.63858032226562,233.3088836669922,450.5059509277344,89.04765319824219,158.31300354003906,2422.89990234375,18015.939453125,5631.22021484375
2024-07-16,374.7288513183594,67.0999984741211,234.0250701904297,233.7269287109375,446.0997619628906,90.30386352539062,158.14100646972656,2462.39990234375,17727.98046875,5667.2001953125
2024-07-17,368.5824890136719,67.19999694824219,235.18649291992188,227.81459045410156,440.1454162597656,90.32304382324219,158.35000610351562,2454.800048828125,17739.41015625,5588.27001953125
2024-07-18,366.0050354003906,67.80000305175781,233.63792419433594,223.13645935058594,437.0193786621094,89.63260650634766,155.68600463867188,2451.800048828125,17778.41015625,5544.58984375
2024-07-19,360.8500061035156,66.3499984741211,231.31509399414062,223.26583862304688,433.7841796875,89.10518646240234,157.14999389648438,2395.5,17417.6796875,5505.0
2024-07-22,369.97039794921875,67.0999984741211,231.5086669921875,222.91749572753906,439.5698547363281,88.84626007080078,157.4219970703125,2392.0,17635.880859375,5564.41015625
2024-07-23,363.0309753417969,66.80000305175781,228.21800231933594,223.96258544921875,441.4653015136719,88.72159576416016,156.89100646972656,2404.60009765625,17469.359375,5555.740234375
2024-07-24,360.05694580078125,66.6500015258789,225.31446838378906,217.522705078125,425.63665771484375,87.76264190673828,155.76800537109375,2413.300048828125,17311.05078125,5427.1298828125
2024-07-25,348.1607971191406,66.0,222.6044921875,216.4776153564453,415.216552734375,88.48185729980469,153.89100646972656,2351.89990234375,17021.91015625,5399.22021484375
2024-07-26,351.33306884765625,66.25,221.6366424560547,216.94541931152344,422.0342712402344,89.17230224609375,153.69700622558594,2380.0,17021.310546875,5459.10009765625
2024-07-29,355.1002197265625,67.30000305175781,223.5723419189453,217.22412109375,423.4831848144531,89.65177154541016,154.13900756835938,2377.300048828125,17238.33984375,5463.5400390625
2024-07-30,350.5400085449219,66.8499984741211,220.2816619873047,217.78150939941406,419.7021789550781,89.99700164794922,153.83299255371094,2405.0,17002.91015625,5436.43994140625
2024-07-31,359.06561279296875,69.94999694824219,224.3466033935547,221.04623413085938,415.16693115234375,90.91758728027344,152.6699981689453,2426.5,17344.599609375,5522.2998046875
2024-08-01,362.4361572265625,68.25,222.9916229248047,217.3435516357422,413.93634033203125,91.70172882080078,149.74400329589844,2435.0,17304.9609375,5446.68017578125
2024-08-02,355.1002197265625,65.75,219.31382751464844,218.83657836914062,405.3819274902344,94.55928802490234,149.2010040283203,2425.699951171875,16945.509765625,5346.56005859375
2024-08-05,353.5140686035156,62.04999923706055,217.18453979492188,208.29586791992188,392.1434326171875,95.05960083007812,145.58399963378906,2401.699951171875,16698.359375,5186.330078125
2024-08-06,351.33306884765625,62.79999923706055,218.92666625976562,206.26536560058594,396.56951904296875,92.93326568603516,145.7899932861328,2389.10009765625,16647.33984375,5240.02978515625
2024-08-07,360.25518798828125,63.04999923706055,221.05593872070312,208.84332275390625,395.39849853515625,92.27900695800781,144.73199462890625,2390.5,16877.859375,5199.5
2024-08-08,365.013671875,62.849998474121094,220.2816619873047,212.31704711914062,399.6260986328125,91.71134185791016,146.12399291992188,2422.199951171875,16891.830078125,5319.31005859375
2024-08-09,366.798095703125,63.95000076293945,222.02377319335938,215.23342895507812,402.9307556152344,92.61576843261719,147.66900634765625,2432.10009765625,17090.23046875,5344.16015625
2024-08-12,371.75482177734375,64.3499984741211,224.15306091308594,216.76803588867188,403.7146911621094,92.9525146484375,147.04200744628906,2462.39990234375,17111.650390625,5344.39013671875
2024-08-13,375.32366943359375,64.44999694824219,223.5723419189453,220.49493408203125,410.8599548339844,93.59715270996094,146.98199462890625,2466.699951171875,17174.060546875,5434.43017578125
2024-08-14,370.565185546875,64.8499984741211,220.86236572265625,220.943359375,413.6882629394531,94.1840591430664,146.9709930419922,2439.39990234375,17113.359375,5455.2099609375
2024-08-15,365.2119140625,64.5999984741211,220.08807373046875,223.93284606933594,418.5796203613281,93.4239730834961,147.2530059814453,2453.10009765625,17109.140625,5543.22021484375
2024-08-16,369.3755798339844,66.0,222.9916229248047,225.25819396972656,416.0345153808594,93.75109100341797,149.2220001220703,2498.60009765625,17430.16015625,5554.25
2024-08-19,369.3755798339844,66.25,225.1208953857422,225.0987548828125,419.07672119140625,94.1840591430664,147.95599365234375,2501.800048828125,17569.5703125,5608.25
2024-08-20,367.1946105957031,66.69999694824219,224.54017639160156,225.71656799316406,422.32769775390625,94.93453216552734,146.69900512695312,2511.300048828125,17511.080078125,5597.1201171875
2024-08-21,368.3842468261719,66.19999694824219,221.24949645996094,225.60696411132812,421.67156982421875,94.99226379394531,145.3470001220703,2508.39990234375,17391.009765625,5620.85009765625
2024-08-22,374.53057861328125,66.80000305175781,224.3466033935547,223.74351501464844,413.13153076171875,94.04935455322266,145.1179962158203,2478.89990234375,17641.0,5570.64013671875
2024-08-23,372.3496398925781,66.8499984741211,224.15306091308594,226.04541015625,414.36431884765625,94.66513061523438,146.20199584960938,2508.39990234375,17612.099609375,5634.60986328125
2024-08-26,378.6942443847656,67.3499984741211,227.44371032714844,226.3842315673828,411.08349609375,94.42457580566406,144.0,2517.699951171875,17798.73046875,5616.83984375
2024-08-27,378.4959716796875,68.0,228.02442932128906,227.2312469482422,411.43145751953125,94.26103210449219,144.51600646972656,2516.0,17874.669921875,5625.7998046875
2024-08-28,370.9617614746094,68.0999984741211,224.92730712890625,225.69664001464844,408.2103271484375,94.14556884765625,143.97500610351562,2501.0,17692.44921875,5592.18017578125
2024-08-29,374.33233642578125,68.25,228.7987060546875,228.98507690429688,410.71563720703125,93.83769226074219,144.43299865722656,2525.699951171875,17786.3203125,5591.9599609375
2024-08-30,378.6942443847656,68.5999984741211,232.67007446289062,228.19786071777344,414.7122802734375,92.83704376220703,144.88999938964844,2493.800048828125,17989.0703125,5648.39990234375
2024-09-02,374.53057861328125,68.3499984741211,229.1858367919922,228.19786071777344,414.7122802734375,92.83704376220703,146.38099670410156,2493.800048828125,17691.970703125,5648.39990234375
2024-09-03,374.9271240234375,67.94999694824219,229.54080200195312,221.9896697998047,407.05706787109375,94.35543060302734,146.7220001220703,2489.89990234375,17651.490234375,5528.93017578125
2024-09-04,369.5738525390625,67.05000305175781,226.5828094482422,220.076416015625,406.5202331542969,95.5716781616211,145.35299682617188,2493.39990234375,17457.33984375,5520.06982421875
2024-09-05,370.1686706542969,67.5,226.77999877929688,221.60104370117188,406.0132141113281,96.11223602294922,143.32400512695312,2511.39990234375,17444.30078125,5503.41015625
2024-09-09,367.9877014160156,67.05000305175781,223.4276123046875,220.13619995117188,403.3587646484375,96.51763916015625,142.48599243164062,2501.800048828125,17196.9609375,5471.0498046875
2024-09-10,365.41021728515625,67.5,220.27239990234375,219.3389892578125,411.7894287109375,97.19334411621094,143.177001953125,2512.300048828125,17234.08984375,5495.52001953125
2024-09-11,366.9963684082031,66.55000305175781,217.70880126953125,221.88006591796875,420.57794189453125,97.1161117553711,142.23399353027344,2512.10009765625,17108.7109375,5554.1298828125
2024-09-12,369.3755798339844,66.94999694824219,217.906005859375,221.9896697998047,424.514892578125,96.66242980957031,142.58999633789062,2551.199951171875,17240.390625,5595.759765625
2024-09-13,371.5565490722656,67.30000305175781,220.86399841308594,221.7206268310547,428.083984375,96.9230728149414,141.49899291992188,2581.300048828125,17369.08984375,5626.02001953125
2024-09-16,374.53057861328125,67.25,218.1031951904297,215.56228637695312,428.8296203613281,97.81110382080078,140.7899932861328,2580.39990234375,17422.119140625,5633.08984375
2024-09-17,376.7115478515625,68.1500015258789,222.0471954345703,216.03062438964844,432.61749267578125,97.33812713623047,140.7899932861328,2564.300048828125,17660.01953125,5634.580078125
2024-09-19,385.4353942871094,68.55000305175781,234.86520385742188,228.06829833984375,436.1368713378906,95.81299591064453,142.7100067138672,2588.0,18013.16015625,5713.64013671875
2024-09-20,385.23712158203125,68.94999694824219,238.2176055908203,227.40065002441406,432.73675537109375,95.44618225097656,142.85800170898438,2619.89990234375,18258.5703125,5702.5498046875
2024-09-23,384.24578857421875,68.94999694824219,237.62600708007812,225.67672729492188,430.9870300292969,95.24349212646484,144.00399780273438,2626.5,18247.109375,5718.56982421875
2024-09-24,398.7194519042969,70.0999984741211,255.17678833007812,226.5735626220703,426.67230224609375,95.22417449951172,143.63800048828125,2651.199951171875,19000.560546875,5732.93017578125
2024-09-25,401.8917236328125,69.9000015258789,258.9236145019531,225.57705688476562,429.5951232910156,94.43266296386719,142.96299743652344,2659.199951171875,19129.099609375,5722.259765625
2024-09-26,426.27886962890625,70.0,274.1080017089844,226.72303771972656,428.7998046875,94.6546630859375,144.68299865722656,2669.89990234375,19924.580078125,5745.3701171875
2024-09-27,434.0113525390625,70.5999984741211,304.27960205078125,226.99209594726562,425.5289611816406,95.1469497680664,145.0760040283203,2644.300048828125,20632.30078125,5738.169921875
2024-09-30,440.7525329589844,70.44999694824219,321.6332092285156,232.18385314941406,427.7956848144531,94.69328308105469,142.7830047607422,2636.10009765625,21133.6796875,5762.47998046875
2024-10-02,465.9327087402344,69.8499984741211,367.5807800292969,225.98562622070312,414.7023620605469,94.57321166992188,143.73599243164062,2647.10009765625,22443.73046875,5709.5400390625
2024-10-03,462.16558837890625,69.4000015258789,362.25640869140625,224.87950134277344,414.11578369140625,93.6822738647461,146.58200073242188,2657.10009765625,22113.509765625,5699.93994140625
2024-10-04,473.4669494628906,70.0,370.9332275390625,226.0055694580078,413.6385498046875,92.52989959716797,146.83999633789062,2645.800048828125,22736.869140625,5751.06982421875
2024-10-07,474.260009765625,70.3499984741211,388.2867736816406,220.91346740722656,407.1565246582031,91.83264923095703,148.82000732421875,2644.800048828125,23099.779296875,5695.93994140625
2024-10-08,434.804443359375,68.44999694824219,336.0287780761719,224.9791717529297,412.29638671875,91.98759460449219,148.14599609375,2615.0,20926.7890625,5751.1298828125
2024-10-09,430.4425354003906,67.80000305175781,317.49200439453125,228.7359619140625,415.0303955078125,91.46465301513672,148.15899658203125,2606.0,20637.240234375,5792.0400390625
2024-10-10,435.002685546875,68.1500015258789,329.5212097167969,228.2377166748047,413.4198303222656,91.10635375976562,149.16000366210938,2620.60009765625,21251.98046875,5780.0498046875
2024-10-14,432.2269287109375,68.19999694824219,318.0836181640625,230.48980712890625,416.7006530761719,90.80614471435547,149.33399963378906,2647.800048828125,21092.869140625,5859.85009765625
2024-10-15,413.391357421875,67.5999984741211,301.518798828125,233.03086853027344,416.302978515625,91.91011810302734,149.6699981689453,2661.39990234375,20318.7890625,5815.259765625
2024-10-16,412.20172119140625,67.69999694824219,301.1243896484375,230.96810913085938,413.6982116699219,92.29747772216797,149.0989990234375,2674.0,20286.849609375,5842.47021484375
2024-10-17,409.0294494628906,67.94999694824219,295.79998779296875,231.33682250976562,414.2947082519531,90.835205078125,149.5760040283203,2691.0,20079.099609375,5841.47021484375
2024-10-18,427.0719299316406,68.69999694824219,312.56201171875,234.1768341064453,415.72637939453125,90.90299987792969,150.10000610351562,2713.699951171875,20804.109375,5864.669921875
2024-10-21,417.35675048828125,68.5,307.4347839355469,235.6516571044922,416.3427429199219,89.31483459472656,149.60000610351562,2723.10009765625,20478.4609375,5853.97998046875
2024-10-22,417.9515686035156,68.25,306.64599609375,235.03382873535156,425.0219421386719,89.40198516845703,150.60499572753906,2744.199951171875,20498.94921875,5851.2001953125
2024-10-23,424.49444580078125,68.80000305175781,310.3927917480469,229.95169067382812,422.1288757324219,89.1598892211914,151.13800048828125,2714.39990234375,20760.150390625,5797.419921875
2024-10-24,418.34808349609375,68.75,307.23760986328125,229.76235961914062,422.25811767578125,89.73123931884766,152.7689971923828,2734.89990234375,20489.619140625,5809.85986328125
2024-10-25,417.35675048828125,68.8499984741211,308.4207763671875,230.5994110107422,425.658203125,89.2276611328125,151.7830047607422,2740.89990234375,20590.150390625,5808.1201171875
2024-10-28,413.5896301269531,69.05000305175781,309.01239013671875,232.5824432373047,424.1072998046875,88.9855728149414,152.95199584960938,2742.89990234375,20599.359375,5823.52001953125
2024-10-29,414.77923583984375,71.5999984741211,308.6180114746094,232.85150146484375,429.43609619140625,89.12114715576172,153.1790008544922,2768.39990234375,20701.140625,5832.919921875
2024-10-30,407.4432678222656,71.8499984741211,305.0683898925781,229.29400634765625,430.0126953125,89.38262176513672,153.2740020751953,2788.5,20380.640625,5813.669921875
2024-10-31,401.0986633300781,72.0999984741211,306.44879150390625,225.11868286132812,403.985107421875,89.52787017822266,153.20399475097656,2738.300048828125,20317.330078125,5705.4501953125
2024-11-01,415.57232666015625,71.5999984741211,307.23760986328125,222.12918090820312,407.9816589355469,88.26568603515625,151.97999572753906,2738.60009765625,20506.4296875,5728.7998046875
2024-11-04,415.3740539550781,71.94999694824219,310.3927917480469,221.23233032226562,406.082763671875,89.63573455810547,152.28700256347656,2736.10009765625,20567.51953125,5712.68994140625
2024-11-05,424.0978698730469,72.4000015258789,325.7743835449219,222.66729736328125,409.0653076171875,90.11184692382812,152.2760009765625,2740.300048828125,21006.970703125,5782.759765625
2024-11-06,416.1671142578125,72.3499984741211,317.49200439453125,221.93984985351562,417.7345886230469,87.64382934570312,151.43499755859375,2667.60009765625,20538.380859375,5929.0400390625
2024-11-07,424.69268798828125,72.3499984741211,329.5212097167969,226.68316650390625,422.9540100097656,88.7417984008789,154.32000732421875,2698.39990234375,20953.33984375,5973.10009765625
2024-11-08,417.158447265625,71.4000015258789,334.6484069824219,226.41383361816406,420.08087158203125,89.86892700195312,153.17999267578125,2687.5,20728.189453125,5995.5400390625
2024-11-11,409.624267578125,70.4000015258789,321.4360046386719,223.69039916992188,415.57720947265625,89.43167114257812,152.9040069580078,2611.199951171875,20426.9296875,6001.35009765625
2024-11-12,400.3055725097656,69.44999694824219,308.0263977050781,223.69039916992188,420.5679931640625,88.0907974243164,153.47999572753906,2600.0,19846.880859375,5983.990234375
2024-11-13,400.3055725097656,69.44999694824219,304.8712158203125,224.5782470703125,422.7253723144531,87.25515747070312,154.65499877929688,2580.800048828125,19823.44921875,5985.3798828125
2024-11-14,399.9090576171875,69.1500015258789,300.53277587890625,227.67079162597656,424.4055480957031,87.76042175292969,155.4290008544922,2568.199951171875,19435.810546875,5949.169921875
2024-11-15,397.5298156738281,69.69999694824219,295.4056091308594,224.4585418701172,412.5847473144531,87.5272216796875,156.46800231933594,2565.699951171875,19426.33984375,5870.6201171875
2024-11-18,400.7021484375,70.55000305175781,295.4056091308594,227.4712677001953,413.34033203125,87.68268585205078,154.66400146484375,2610.60009765625,19576.609375,5893.6201171875
2024-11-19,402.6848449707031,71.6500015258789,296.19439697265625,227.73065185546875,415.3585205078125,88.12965393066406,154.61700439453125,2627.10009765625,19663.669921875,5916.97998046875
2024-11-20,407.2449951171875,71.55000305175781,297.1803894042969,228.44891357421875,413.0718688964844,87.84786987304688,154.71800231933594,2648.199951171875,19705.009765625,5917.10986328125
2024-11-21,404.0727233886719,71.30000305175781,294.2223815917969,227.97007751464844,411.2887268066406,87.77983856201172,155.2949981689453,2672.10009765625,19601.109375,5948.7099609375
2024-11-22,397.13330078125,71.25,281.7987976074219,229.3168182373047,415.40289306640625,87.82843780517578,154.21800231933594,2709.89990234375,19229.970703125,5969.33984375
2024-11-25,391.780029296875,71.0999984741211,280.41839599609375,232.30960083007812,417.1860656738281,90.10211944580078,154.14599609375,2616.800048828125,19150.990234375,5987.3701171875
2024-11-26,390.3921203613281,71.55000305175781,279.8267822265625,234.49432373046875,426.350830078125,89.75232696533203,154.3780059814453,2620.300048828125,19159.19921875,6021.6298828125
2024-11-27,399.3142395019531,72.0,286.5316162109375,234.36463928222656,421.3699645996094,90.37419891357422,153.00900268554688,2639.89990234375,19603.130859375,5998.740234375
2024-11-28,396.5384826660156,72.0999984741211,283.5736083984375,234.36463928222656,421.3699645996094,90.37419891357422,151.33599853515625,2639.89990234375,19366.9609375,5998.740234375
2024-11-29,394.5557861328125,72.5,285.7427978515625,236.7588653564453,421.83819580078125,91.30699157714844,151.1739959716797,2657.0,19423.609375,6032.3798828125
2024-12-02,396.3401794433594,72.55000305175781,287.71478271484375,239.013427734375,429.3293762207031,91.52637481689453,149.8979949951172,2634.89990234375,19550.2890625,6047.14990234375
2024-12-03,400.900390625,73.5,289.6867980957031,242.06607055664062,429.5485534667969,90.73657989501953,149.50799560546875,2644.699951171875,19746.3203125,6049.8798828125
2024-12-04,399.7107849121094,73.5999984741211,288.306396484375,242.42520141601562,435.7447204589844,91.71161651611328,149.64700317382812,2653.800048828125,19742.4609375,6086.490234375
2024-12-05,401.6934814453125,73.75,286.7287902832031,242.4551239013672,440.9248046875,91.89689636230469,150.56700134277344,2626.60009765625,19560.439453125,6075.10986328125
2024-12-06,409.0294494628906,74.55000305175781,290.4756164550781,242.25559997558594,441.87115478515625,92.03338623046875,150.20700073242188,2638.60009765625,19865.849609375,6090.27001953125
2024-12-09,415.17578125,74.30000305175781,307.23760986328125,246.1562042236328,444.311767578125,91.18509674072266,150.02999877929688,2664.89990234375,20414.08984375,6052.85009765625
2024-12-10,407.6415710449219,74.19999694824219,304.0823974609375,247.1737518310547,441.6320495605469,90.75608825683594,151.4080047607422,2697.60009765625,20311.279296875,6034.91015625
2024-12-11,406.253662109375,74.4000015258789,301.71600341796875,245.89683532714844,447.2704162597656,89.89805603027344,151.8070068359375,2733.800048828125,20155.05078125,6084.18994140625
2024-12-12,412.00347900390625,74.9000015258789,306.2516174316406,247.36329650878906,447.83819580078125,88.80601501464844,152.2449951171875,2687.5,20397.05078125,6051.25
2024-12-13,406.253662109375,74.5999984741211,298.75799560546875,247.5328826904297,445.5569763183594,87.89925384521484,152.58700561523438,2656.0,19971.240234375,6051.08984375
2024-12-16,402.09002685546875,75.0,293.43359375,250.43588256835938,449.86041259765625,88.16250610351562,153.4530029296875,2651.39990234375,19795.490234375,6074.080078125
2024-12-17,399.115966796875,75.19999694824219,296.3916015625,252.8699951171875,452.7194519042969,88.37700653076172,154.08599853515625,2644.39990234375,19700.48046875,6050.60986328125
2024-12-18,402.4865417480469,75.0,295.9972229003906,247.4530792236328,435.71484375,87.27191925048828,153.57200622558594,2636.5,19864.55078125,5872.16015625
2024-12-19,411.60693359375,74.3499984741211,294.6167907714844,249.1888885498047,435.356201171875,85.95050048828125,154.67300415039062,2592.199951171875,19752.509765625,5867.080078125
2024-12-20,422.7099914550781,74.0999984741211,291.8559875488281,253.87759399414062,434.9278869628906,86.43991088867188,157.6439971923828,2628.699951171875,19720.69921875,5930.85009765625
2024-12-23,416.5636901855469,74.94999694824219,293.43359375,254.6557159423828,433.5830383300781,85.64706420898438,156.5330047607422,2612.300048828125,19883.130859375,5974.06982421875
2024-12-24,416.3653869628906,75.0999984741211,296.19439697265625,257.57867431640625,437.64739990234375,86.00923156738281,157.1649932861328,2620.0,20098.2890625,6040.0400390625
2024-12-27,413.78790283203125,75.25,293.0392150878906,254.9749298095703,428.881103515625,85.25553894042969,157.7480010986328,2617.199951171875,20090.4609375,5970.83984375
2024-12-30,415.3740539550781,75.69999694824219,290.8699951171875,251.59307861328125,423.2029113769531,85.94072723388672,157.8730010986328,2606.10009765625,20041.419921875,5906.93994140625
2024-12-31,416.1671142578125,75.80000305175781,291.06719970703125,249.81736755371094,419.88568115234375,85.48067474365234,156.9949951171875,2629.199951171875,20059.94921875,5881.6298828125
2025-01-02,412.4000244140625,75.69999694824219,282.98199462890625,243.26319885253906,416.97686767578125,85.71559143066406,157.718994140625,2658.89990234375,19623.3203125,5868.5498046875
2025-01-03,410.6156005859375,75.0,282.98199462890625,242.7743682861328,421.7286071777344,85.44152069091797,157.36199951171875,2645.0,19760.26953125,5942.47021484375
2025-01-06,405.85711669921875,75.55000305175781,281.6015930175781,244.41041564941406,426.21136474609375,85.05978393554688,157.4810028076172,2638.39990234375,19688.2890625,5975.3798828125
2025-01-07,376.31500244140625,75.30000305175781,280.2212219238281,241.62713623046875,420.7523498535156,84.10053253173828,157.7429962158203,2656.699951171875,19447.580078125,5909.02978515625
2025-01-08,366.0050354003906,75.94999694824219,280.02398681640625,242.11595153808594,422.9339599609375,84.20819854736328,158.23599243164062,2664.5,19279.83984375,5918.25
2025-01-09,370.1686706542969,75.5999984741211,278.052001953125,242.11595153808594,422.9339599609375,84.20819854736328,158.19200134277344,2683.800048828125,19240.890625,5918.25
2025-01-10,366.40155029296875,76.5,275.68560791015625,236.28004455566406,417.345458984375,83.6502685546875,158.04800415039062,2708.5,19064.2890625,5827.0400390625
2025-01-13,362.83270263671875,75.30000305175781,271.5444030761719,233.83592224121094,415.5921936035156,83.62089538574219,157.88699340820312,2673.5,18874.140625,5836.22021484375
2025-01-14,371.75482177734375,75.94999694824219,277.6575927734375,232.71861267089844,414.0780334472656,83.48387145996094,157.36399841308594,2677.5,19219.779296875,5842.91015625
2025-01-15,376.7115478515625,76.0,278.4463806152344,237.2975616455078,424.67724609375,84.92273712158203,158.0500030517578,2712.5,19286.0703125,5949.91015625
2025-01-16,379.09075927734375,77.3499984741211,282.7847900390625,227.710693359375,422.953857421875,85.19680786132812,156.2550048828125,2746.39990234375,19522.890625,5937.33984375
2025-01-17,376.5132751464844,77.5999984741211,283.5736083984375,229.4265594482422,427.3868408203125,85.34363555908203,155.3560028076172,2744.300048828125,19584.060546875,5996.66015625
2025-01-20,386.4267272949219,78.3499984741211,289.4895935058594,229.4265594482422,427.3868408203125,85.34363555908203,156.30599975585938,2744.300048828125,19925.810546875,5996.66015625
2025-01-21,384.0475158691406,78.8499984741211,289.8840026855469,222.10421752929688,426.85888671875,86.10711669921875,155.24899291992188,2755.0,20106.55078125,6049.240234375
2025-01-22,380.0821228027344,79.25,288.50360107421875,223.29136657714844,444.4910888671875,85.6568603515625,155.7740020751953,2767.60009765625,19778.76953125,6086.3701171875
2025-01-23,377.90118408203125,78.6500015258789,289.2923889160156,223.1217803955078,444.9991149902344,84.99125671386719,156.44000244140625,2763.10009765625,19700.560546875,6118.7099609375
2025-01-24,387.2198181152344,79.9000015258789,296.3916015625,222.24388122558594,442.3592834472656,85.37300109863281,156.15499877929688,2777.300048828125,20066.189453125,6101.240234375
2025-01-27,392.1765441894531,79.44999694824219,298.3636169433594,229.30685424804688,432.8956604003906,86.38117980957031,155.74400329589844,2737.5,20197.76953125,6012.27978515625
2025-01-28,398.52117919921875,79.94999694824219,298.75799560546875,237.68663024902344,445.4872741699219,86.32246398925781,154.90899658203125,2766.800048828125,20225.109375,6067.7001953125
2025-02-03,400.7021484375,79.9000015258789,297.3775939941406,227.46128845214844,409.3462219238281,86.6009750366211,155.36300659179688,2833.89990234375,20217.259765625,5994.56982421875
2025-02-04,417.158447265625,80.05000305175781,307.6319885253906,232.23977661132812,410.7906494140625,86.86620330810547,155.27699279785156,2853.300048828125,20789.9609375,6037.8798828125
2025-02-05,414.1844177246094,80.19999694824219,301.518798828125,231.91058349609375,411.7071228027344,88.3003921508789,154.13299560546875,2871.60009765625,20597.08984375,6061.47998046875
2025-02-06,416.7619323730469,80.6500015258789,304.67401123046875,232.6587677001953,414.2274475097656,88.2610855102539,152.6060028076172,2856.0,20891.619140625,6083.56982421875
2025-02-07,424.49444580078125,81.80000305175781,312.1676025390625,227.08221435546875,408.1806945800781,87.69135284423828,151.1929931640625,2867.300048828125,21133.5390625,6025.990234375
2025-02-10,433.2182922363281,82.5999984741211,315.9143981933594,227.3518524169922,410.6412048339844,87.4261245727539,151.8459930419922,2914.300048828125,21521.98046875,6066.43994140625
2025-02-11,423.70135498046875,83.80000305175781,313.5480041503906,232.3153533935547,409.86419677734375,86.86620330810547,151.75900268554688,2912.5,21294.859375,6068.5
2025-02-12,440.3559875488281,84.44999694824219,331.0987854003906,236.55978393554688,407.473388671875,85.68742370605469,152.73899841308594,2909.0,21857.919921875,6051.97021484375
2025-02-13,438.1750183105469,84.8499984741211,321.2388000488281,241.21368408203125,408.9676513671875,87.11177062988281,154.2550048828125,2925.89990234375,21814.369140625,6115.06982421875
2025-02-14,470.691162109375,84.5,335.04278564453125,244.2796630859375,406.86572265625,87.57347869873047,152.98899841308594,2883.60009765625,22620.330078125,6114.6298828125
2025-02-17,489.3284912109375,85.5,336.0287780761719,244.2796630859375,406.86572265625,87.57347869873047,152.0229949951172,2883.60009765625,22616.23046875,6114.6298828125
2025-02-18,499.1427917480469,87.19999694824219,336.6203918457031,244.14984130859375,408.07110595703125,86.54203796386719,151.44400024414062,2931.60009765625,22976.810546875,6129.580078125
2025-02-19,493.49212646484375,88.4000015258789,333.859619140625,244.54930114746094,413.1814270019531,86.65008544921875,151.93099975585938,2919.39990234375,22944.240234375,6144.14990234375
2025-02-20,482.5873107910156,87.1500015258789,323.01361083984375,245.508056640625,415.3674621582031,86.97425842285156,151.22000122070312,2940.0,22576.98046875,6117.52001953125
2025-02-21,512.5260009765625,86.69999694824219,345.8887939453125,245.22842407226562,407.4619445800781,88.02534484863281,149.4080047607422,2937.60009765625,23477.919921875,6013.1298828125
2025-02-24,492.8973388671875,85.80000305175781,340.7615966796875,246.77639770507812,403.2596740722656,88.2807388305664,149.38699340820312,2947.89990234375,23341.609375,5983.25
2025-02-25,480.6046142578125,87.0999984741211,338.9867858886719,246.71646118164062,397.17083740234375,89.8033218383789,149.86399841308594,2904.5,23034.01953125,5955.25
2025-02-26,497.16009521484375,88.75,356.1432189941406,240.0452117919922,398.99749755859375,90.33377838134766,149.0780029296875,2916.800048828125,23787.9296875,5956.06005859375
2025-02-27,491.1128845214844,89.4000015258789,359.8900146484375,236.98922729492188,391.8106994628906,89.69526672363281,148.83799743652344,2883.199951171875,23718.2890625,5861.56982421875
2025-02-28,474.4582824707031,89.25,345.1000061035156,241.5232696533203,396.26251220703125,90.79547119140625,150.01199340820312,2836.800048828125,22941.3203125,5954.5
2025-03-03,479.01849365234375,91.25,335.04278564453125,237.71826171875,387.778076171875,91.21918487548828,150.77099609375,2890.199951171875,23006.26953125,5849.72021484375
2025-03-04,486.7509765625,92.05000305175781,332.6763916015625,235.6210174560547,387.8978576660156,90.09581756591797,149.30499267578125,2909.60009765625,22941.76953125,5778.14990234375
2025-03-05,501.12548828125,91.9000015258789,342.7336120605469,235.4312744140625,400.2851257324219,89.37648010253906,149.7989959716797,2915.300048828125,23594.2109375,5842.6298828125
2025-03-06,539.2922973632812,90.0,360.4815979003906,235.0218048095703,396.1627197265625,89.08085632324219,148.8979949951172,2916.60009765625,24369.7109375,5738.52001953125
2025-03-07,528.8831787109375,87.94999694824219,354.7627868652344,238.7569122314453,392.5892639160156,88.79508972167969,148.10800170898438,2904.699951171875,24231.30078125,5770.2001953125
2025-03-10,512.0302734375,88.05000305175781,347.6636047363281,227.1820831298828,379.46337890625,89.72137451171875,147.60800170898438,2891.0,23783.490234375,5614.56005859375
2025-03-11,513.0216674804688,85.19999694824219,345.1000061035156,220.55078125,379.7528381347656,89.08085632324219,147.06900024414062,2912.89990234375,23782.140625,5572.06982421875
2025-03-12,507.5692443847656,85.05000305175781,349.3999938964844,216.69583129882812,382.5676574707031,88.54873657226562,148.04200744628906,2939.10009765625,23600.310546875,5599.2998046875
2025-03-13,503.1081848144531,85.6500015258789,344.20001220703125,209.4053955078125,378.0758972167969,89.32720947265625,148.2790069580078,2984.300048828125,23462.650390625,5521.52001953125
2025-03-14,516.987060546875,85.44999694824219,354.20001220703125,213.21041870117188,387.84796142578125,88.85420989990234,147.94900512695312,2994.5,23959.98046875,5638.93994140625
2025-03-17,519.9610595703125,87.6500015258789,365.6000061035156,213.71974182128906,387.98773193359375,89.29764556884766,148.59800720214844,3000.0,24145.5703125,5675.1201171875
2025-03-18,536.3182983398438,89.05000305175781,372.20001220703125,212.4114532470703,382.81719970703125,89.3863296508789,149.37899780273438,3035.10009765625,24740.5703125,5614.66015625
2025-03-19,535.3269653320312,89.75,375.0,214.95811462402344,387.1093444824219,89.84947204589844,149.45199584960938,3035.89990234375,24771.140625,5675.2900390625
2025-03-20,515.0043334960938,89.80000305175781,369.3999938964844,213.81961059570312,386.131103515625,89.90859985351562,148.49000549316406,3040.0,24219.94921875,5662.89013671875
2025-03-21,507.0735778808594,88.5999984741211,361.0,217.98414611816406,390.54302978515625,89.37648010253906,148.5959930419922,3018.199951171875,23689.720703125,5667.56005859375
2025-03-24,508.5605773925781,89.19999694824219,360.20001220703125,220.44091796875,392.35968017578125,88.46004486083984,149.677001953125,3013.10009765625,23905.560546875,5767.56982421875
2025-03-25,497.6557922363281,88.19999694824219,351.0,223.45697021484375,394.4358825683594,88.4501953125,150.7740020751953,3023.699951171875,23344.25,5776.64990234375
2025-03-26,502.1168518066406,89.5,354.0,221.2398681640625,389.2554016113281,87.8687973022461,149.9499969482422,3020.89990234375,23483.3203125,5712.2001953125
2025-03-27,504.59521484375,89.4000015258789,357.79998779296875,223.5568389892578,389.8642578125,87.61260223388672,150.47300720214844,3060.199951171875,23578.80078125,5693.31005859375
2025-03-28,505.09088134765625,89.44999694824219,353.6000061035156,217.6146240234375,378.1058349609375,88.82465362548828,150.8470001220703,3086.5,23426.599609375,5580.93994140625
2025-03-31,492.6990661621094,88.1500015258789,344.79998779296875,221.83909606933594,374.7021179199219,89.70165252685547,149.61700439453125,3122.800048828125,23119.580078125,5611.85009765625
2025-04-01,499.63848876953125,88.75,348.0,222.897705078125,381.4896545410156,90.47897338867188,149.91299438476562,3118.89990234375,23206.83984375,5633.06982421875
2025-04-02,499.63848876953125,88.0,353.79998779296875,223.59678649902344,381.43975830078125,90.41963958740234,149.7830047607422,3139.89990234375,23202.529296875,5670.97021484375
2025-04-03,493.49212646484375,86.0999984741211,346.3999938964844,202.9239044189453,372.42626953125,90.83499908447266,147.8719940185547,3097.0,22849.810546875,5396.52001953125
2025-04-07,431.6321105957031,73.4000015258789,297.0,181.2223663330078,357.2042236328125,89.05489349365234,145.43299865722656,2951.300048828125,19828.30078125,5062.25
2025-04-08,436.5888366699219,72.69999694824219,298.6000061035156,172.19419860839844,353.9102783203125,87.37367248535156,147.78900146484375,2968.39990234375,20127.6796875,4982.77001953125
2025-04-09,437.3819580078125,71.69999694824219,301.6000061035156,198.58958435058594,389.7744140625,87.88793182373047,145.84500122070312,3056.5,20264.490234375,5456.89990234375
2025-04-10,440.9507751464844,75.69999694824219,306.79998779296875,190.17062377929688,380.65118408203125,85.46500396728516,147.3990020751953,3155.199951171875,20681.779296875,5268.0498046875
2025-04-11,439.5628967285156,75.5,312.3999938964844,197.89048767089844,387.7381896972656,85.9298095703125,143.7469940185547,3222.199951171875,20914.689453125,5363.35986328125
2025-04-14,450.0711669921875,78.5,334.0,202.25477600097656,387.0993347167969,86.54296112060547,143.6959991455078,3204.800048828125,21417.400390625,5405.97021484375
2025-04-15,452.0538635253906,78.80000305175781,328.3999938964844,201.87527465820312,385.0231628417969,86.84953308105469,143.2209930419922,3218.699951171875,21466.26953125,5396.6298828125
2025-04-16,444.1230773925781,79.55000305175781,327.6000061035156,194.0155792236328,370.92901611328125,87.33411407470703,143.18099975585938,3326.60009765625,21056.98046875,5275.7001953125
2025-04-17,454.03656005859375,80.80000305175781,331.3999938964844,196.72203063964844,367.1060485839844,86.56273651123047,141.92799377441406,3308.699951171875,21395.140625,5282.7001953125
2025-04-22,456.415771484375,82.3499984741211,334.6000061035156,199.47842407226562,366.1478271484375,85.52434539794922,140.87600708007812,3400.800048828125,21562.3203125,5287.759765625
2025-04-23,470.09637451171875,85.9000015258789,341.6000061035156,204.33206176757812,373.7039489746094,86.35505676269531,142.68800354003906,3276.300048828125,22072.619140625,5375.85986328125
2025-04-24,466.9240417480469,85.4000015258789,337.79998779296875,208.09710693359375,386.59027099609375,87.264892578125,143.22300720214844,3332.0,21909.759765625,5484.77001953125
2025-04-25,474.061767578125,85.3499984741211,338.6000061035156,209.00592041015625,391.1319580078125,87.90771484375,142.87899780273438,3282.39990234375,21980.740234375,5525.2099609375
2025-04-28,474.061767578125,85.75,337.0,209.8647918701172,390.4432067871094,88.46151733398438,143.84100341796875,3332.5,21971.9609375,5528.75
2025-04-29,468.90673828125,88.3499984741211,335.3999938964844,210.9333953857422,393.31793212890625,89.20323181152344,142.17799377441406,3318.800048828125,22008.109375,5560.830078125
2025-04-30,473.0704040527344,87.0999984741211,340.79998779296875,212.22171020507812,394.53570556640625,88.4813003540039,142.2989959716797,3305.0,22119.41015625,5569.06005859375
2025-05-02,483.5786437988281,86.19999694824219,351.20001220703125,205.08106994628906,434.48236083984375,87.07977294921875,145.447998046875,3231.89990234375,22504.6796875,5686.669921875
2025-05-06,491.1128845214844,87.1500015258789,359.20001220703125,198.25001525878906,432.5159606933594,86.8812484741211,143.6540069580078,3411.39990234375,22662.7109375,5606.91015625
2025-05-07,485.56134033203125,87.8499984741211,366.20001220703125,195.99298095703125,432.555908203125,87.24850463867188,143.03500366210938,3381.39990234375,22691.880859375,5631.27978515625
2025-05-08,493.6903991699219,86.3499984741211,367.20001220703125,197.2313690185547,437.3670654296875,86.27576446533203,143.84800720214844,3296.60009765625,22775.919921875,5663.93994140625
2025-05-09,490.31982421875,87.5,372.3999938964844,198.27000427246094,437.9260559082031,86.4048080444336,146.01499938964844,3335.39990234375,22867.740234375,5659.91015625
2025-05-12,513.0216674804688,90.0,385.0,210.7899932861328,448.4367370605469,85.6008071899414,145.81199645996094,3220.0,23549.4609375,5844.18994140625
2025-05-13,501.62115478515625,89.6500015258789,374.6000061035156,212.92999267578125,448.3169860839844,85.25340270996094,148.30999755859375,3240.300048828125,23108.26953125,5886.5498046875
2025-05-14,516.4913330078125,90.80000305175781,381.0,212.3300018310547,452.1099853515625,84.68762969970703,147.5279998779297,3181.39990234375,23640.650390625,5892.580078125
2025-05-15,515.5,90.5999984741211,377.20001220703125,211.4499969482422,453.1300048828125,85.43206787109375,146.64999389648438,3220.699951171875,23453.16015625,5916.93017578125
2025-05-16,508.0,91.0999984741211,378.79998779296875,211.25999450683594,454.2699890136719,85.66036224365234,145.61300659179688,3182.0,23345.05078125,5958.3798828125
2025-05-19,514.0,91.5,379.0,208.77999877929688,458.8699951171875,85.41221618652344,145.29800415039062,3228.89990234375,23332.720703125,5963.60009765625
2025-05-20,517.0,92.80000305175781,379.20001220703125,206.86000061035156,458.1700134277344,84.79681396484375,144.97500610351562,3280.300048828125,23681.48046875,5940.4599609375
2025-05-21,520.5,92.55000305175781,391.6000061035156,202.08999633789062,452.57000732421875,83.3476333618164,144.3280029296875,3309.300048828125,23827.779296875,5844.60986328125
2025-05-22,516.5,92.5999984741211,385.6000061035156,201.36000061035156,454.8599853515625,83.78437805175781,143.7550048828125,3292.300048828125,23544.310546875,5842.009765625
2025-05-23,518.0,93.1500015258789,387.20001220703125,195.27000427246094,450.17999267578125,83.92333984375,143.85800170898438,3363.60009765625,23601.259765625,5802.81982421875
2025-05-26,510.0,92.75,387.20001220703125,195.27000427246094,450.17999267578125,83.92333984375,142.86700439453125,3363.60009765625,23282.330078125,5802.81982421875
2025-05-27,512.0,92.4000015258789,398.20001220703125,200.2100067138672,460.69000244140625,85.09458923339844,142.65499877929688,3299.10009765625,23381.990234375,5921.5400390625
2025-05-28,506.0,91.94999694824219,391.0,200.4199981689453,457.3599853515625,84.72733306884766,144.177001953125,3293.60009765625,23258.310546875,5888.5498046875
2025-05-29,510.5,92.25,400.3999938964844,199.9499969482422,458.67999267578125,85.511474609375,145.69700622558594,3317.10009765625,23573.380859375,5912.169921875
2025-05-30,498.20001220703125,92.44999694824219,395.79998779296875,200.85000610351562,460.3599853515625,85.64051055908203,143.7790069580078,3288.89990234375,23289.76953125,5911.68994140625
2025-06-02,498.3999938964844,92.5,395.3999938964844,201.6999969482422,461.9700012207031,84.84349060058594,143.81500244140625,3370.60009765625,23157.970703125,5935.93994140625
2025-06-03,505.0,92.1500015258789,395.3999938964844,203.27000427246094,462.9700012207031,84.69404602050781,142.45199584960938,3350.199951171875,23512.490234375,5970.3701171875
2025-06-04,512.0,93.1500015258789,403.0,202.82000732421875,463.8699951171875,86.06891632080078,143.83700561523438,3373.5,23654.029296875,5970.81005859375
2025-06-05,515.0,93.05000305175781,405.20001220703125,200.6300048828125,467.67999267578125,86.1286849975586,142.73199462890625,3350.699951171875,23906.970703125,5939.2998046875
2025-06-06,515.0,93.25,402.3999938964844,203.9199981689453,470.3800048828125,85.03277587890625,143.54200744628906,3322.699951171875,23792.5390625,6000.35986328125
2025-06-09,518.0,93.80000305175781,415.79998779296875,201.4499969482422,472.75,85.12244415283203,144.6909942626953,3332.10009765625,24181.4296875,6005.8798828125
2025-06-10,513.5,93.8499984741211,414.79998779296875,202.6699981689453,470.9200134277344,85.56080627441406,144.5399932861328,3320.89990234375,24162.869140625,6038.81005859375
2025-06-11,518.0,93.30000305175781,420.3999938964844,198.77999877929688,472.6199951171875,85.81983947753906,144.83799743652344,3321.300048828125,24366.939453125,6022.240234375
2025-06-12,510.0,92.55000305175781,411.3999938964844,199.1999969482422,478.8699951171875,86.84601593017578,144.2030029296875,3380.89990234375,24035.380859375,6045.259765625
2025-06-13,510.0,92.25,413.6000061035156,196.4499969482422,474.9599914550781,86.00914001464844,143.19400024414062,3431.199951171875,23892.560546875,5976.97021484375
2025-06-16,509.5,92.75,419.6000061035156,198.4199981689453,479.1400146484375,85.14237213134766,144.09100341796875,3396.39990234375,24060.990234375,6033.10986328125
2025-06-17,513.5,92.0999984741211,413.3999938964844,195.63999938964844,478.0400085449219,86.17850494384766,144.72900390625,3386.60009765625,23980.30078125,5982.72021484375
2025-06-18,508.0,91.80000305175781,404.0,196.5800018310547,480.239990234375,86.32794952392578,145.37600708007812,3389.800048828125,23710.689453125,5980.8701171875
2025-06-19,498.0,91.19999694824219,389.79998779296875,196.5800018310547,480.239990234375,86.32794952392578,144.9550018310547,3389.800048828125,23237.740234375,5980.8701171875
2025-06-20,505.5,92.25,392.6000061035156,201.0,477.3999938964844,86.16854095458984,145.21800231933594,3368.10009765625,23530.48046875,5967.83984375
2025-06-23,504.0,91.80000305175781,399.0,201.5,486.0,86.44749450683594,146.2239990234375,3377.699951171875,23689.130859375,6025.169921875
2025-06-24,509.5,94.0999984741211,414.79998779296875,200.3000030517578,490.1099853515625,87.07516479492188,145.92799377441406,3317.39990234375,24177.0703125,6092.18017578125
2025-06-25,512.5,95.5999984741211,422.0,201.55999755859375,492.2699890136719,87.18475341796875,144.95700073242188,3327.10009765625,24474.669921875,6092.16015625
2025-06-26,513.0,95.4000015258789,420.0,201.0,497.45001220703125,87.62311553955078,144.9040069580078,3333.5,24325.400390625,6141.02001953125
2025-06-27,513.0,95.0,421.20001220703125,201.0800018310547,495.94000244140625,87.06519317626953,144.69400024414062,3273.699951171875,24284.150390625,6173.06982421875
2025-06-30,503.0,94.94999694824219,418.79998779296875,205.1699981689453,497.4100036621094,87.9219970703125,144.51699829101562,3294.39990234375,24072.279296875,6204.9501953125
2025-07-02,501.5,95.25,423.20001220703125,212.44000244140625,491.0899963378906,87.58000183105469,143.40199279785156,3348.0,24221.41015625,6227.419921875
2025-07-03,501.0,94.8499984741211,417.20001220703125,213.5500030517578,498.8399963378906,86.97000122070312,143.5260009765625,3331.60009765625,24069.939453125,6279.35009765625
2025-07-04,496.79998779296875,94.80000305175781,413.79998779296875,213.5500030517578,498.8399963378906,86.97000122070312,144.6820068359375,3332.5,23916.060546875,6279.35009765625
2025-07-07,502.0,95.25,408.20001220703125,209.9499969482422,497.7200012207031,86.13999938964844,144.4980010986328,3332.199951171875,23887.830078125,6229.97998046875
2025-07-08,504.5,96.25,417.3999938964844,210.00999450683594,496.6199951171875,86.02999877929688,145.89199829101562,3307.0,24148.0703125,6225.52001953125
2025-07-09,497.6000061035156,96.69999694824219,411.6000061035156,211.13999938964844,503.510009765625,86.93000030517578,146.8489990234375,3311.60009765625,23892.3203125,6263.259765625
2025-07-10,496.6000061035156,97.05000305175781,413.3999938964844,212.41000366210938,501.4800109863281,86.98999786376953,146.11399841308594,3317.39990234375,24028.369140625,6280.4599609375
2025-07-11,496.6000061035156,97.05000305175781,425.6000061035156,211.16000366210938,503.32000732421875,85.79000091552734,147.3820037841797,3364.0,24139.5703125,6259.75
